<datapower-configuration version="3"><export-details><description>Exported Configuration</description><user>admin</user><domain>default</domain><comment/><product-id>5725</product-id><product>IDG</product><display-product>IDG</display-product><model>IBM DataPower Gateway</model><display-model>IBM DataPower Gateway</display-model><device-name>169.54.149.152:9090</device-name><serial-number>0000000</serial-number><firmware-version>IDG.7.5.2.6</firmware-version><display-firmware-version>IDG.7.5.2.6</display-firmware-version><firmware-build>286852</firmware-build><firmware-timestamp>2017/04/21 10:45:02</firmware-timestamp><current-date>2017-05-09</current-date><current-time>21:23:33 EDT</current-time><reset-date>2017-05-09</reset-date><reset-time>16:28:37 EDT</reset-time><login-message/><custom-ui-file/></export-details><interface-data><interface name="eth0" type="Ethernet" vers="ipv4" ip-addr="169.54.149.152"/></interface-data><configuration><Domain name="cf-integration" xmlns:dp="http://www.datapower.com/schemas/management" xmlns:env="http://www.w3.org/2003/05/soap-envelope">
<mAdminState>enabled</mAdminState>
<BaseDir>cf-integration:</BaseDir>
<BaseDir>local:</BaseDir>
<ConfigFile>cf-integration.cfg</ConfigFile>
<NeighborDomain class="Domain">default</NeighborDomain>
<URLMap>
<http>on</http>
<https>on</https>
<snmp>off</snmp>
<ftp>off</ftp>
<mailto>off</mailto>
<mq>off</mq></URLMap>
<FileMap>
<CopyFrom>on</CopyFrom>
<CopyTo>on</CopyTo>
<Delete>on</Delete>
<Display>on</Display>
<Exec>on</Exec>
<Subdir>on</Subdir></FileMap>
<MonitoringMap>
<Audit>off</Audit>
<Log>off</Log></MonitoringMap>
<ConfigMode>local</ConfigMode>
<ImportFormat>ZIP</ImportFormat>
<LocalIPRewrite>on</LocalIPRewrite>
<MaxChkpoints>3</MaxChkpoints></Domain></configuration><domains><domain name="cf-integration"/></domains></datapower-configuration>