<datapower-configuration version="3"><export-details><description>Exported Configuration</description><user>admin</user><domain>default</domain><comment/><product-id>unknown</product-id><product>IDG</product><display-product>IDG</display-product><model>IBM DataPower Gateway</model><display-model>IBM DataPower Gateway</display-model><device-name>9.42.102.142:9090</device-name><serial-number>NCJG14S</serial-number><firmware-version>IDG.7.6.0.0</firmware-version><display-firmware-version>IDG.7.6.0.0</display-firmware-version><firmware-build>dplane-dev-branch.aww-bld-dplane.040717</firmware-build><firmware-timestamp>2017/04/07 18:13:04</firmware-timestamp><current-date>2017-04-24</current-date><current-time>14:46:41 EDT</current-time><reset-date>2017-04-24</reset-date><reset-time>14:39:01 EDT</reset-time><login-message/><custom-ui-file/></export-details><interface-data><interface name="eth0" type="Ethernet" vers="ipv4" ip-addr="9.42.102.142"/><interface name="eth0" type="Ethernet" vers="ipv6" ip-addr="fe80::5ef3:fcff:fe7a:e548"/><interface name="eth1" type="Ethernet" vers="ipv4" ip-addr="10.255.100.142"/><interface name="eth1" type="Ethernet" vers="ipv6" ip-addr="fe80::5ef3:fcff:fe7a:e54a"/><interface name="eth1.0111" type="VLAN" vers="ipv4" ip-addr="10.255.128.142"/><interface name="eth1.0112" type="VLAN" vers="ipv4" ip-addr="10.255.160.142"/></interface-data><configuration><Domain name="cf-integration" xmlns:dp="http://www.datapower.com/schemas/management" xmlns:env="http://www.w3.org/2003/05/soap-envelope">
<mAdminState>enabled</mAdminState>
<BaseDir>cf-integration:</BaseDir>
<BaseDir>local:</BaseDir>
<ConfigFile>cf-integration.cfg</ConfigFile>
<URLMap>
<http>on</http>
<https>on</https>
<snmp>off</snmp>
<ftp>off</ftp>
<mailto>off</mailto>
<mq>off</mq></URLMap>
<FileMap>
<CopyFrom>on</CopyFrom>
<CopyTo>on</CopyTo>
<Delete>on</Delete>
<Display>on</Display>
<Exec>on</Exec>
<Subdir>on</Subdir></FileMap>
<ConfigMode>local</ConfigMode>
<ImportFormat>ZIP</ImportFormat>
<LocalIPRewrite>on</LocalIPRewrite>
<MaxChkpoints>3</MaxChkpoints></Domain></configuration><domains><domain name="cf-integration"/></domains></datapower-configuration>